<?xml version="1.0" encoding="UTF-8"?>
<!DOCTYPE configuration PUBLIC "-//mybatis.org//DTD Config 3.0//EN" "mybatis-3-config.dtd" >
<configuration>

	<settings>
		<!--显式的指定每个我们需要更改的配置的值，即使他是默认的。防止版本更新带来的问题 -->
		<setting name="mapUnderscoreToCamelCase" value="true" />
		<setting name="jdbcTypeForNull" value="NULL" />
		<setting name="cacheEnabled" value="true" />
		<setting name="lazyLoadingEnabled" value="true" />
		<setting name="aggressiveLazyLoading" value="false" />
		<setting name="logImpl" value="STDOUT_LOGGING" />
	</settings>



	<!-- 分页插件配置 -->
	<plugins>
		<plugin interceptor="com.github.pagehelper.PageInterceptor">
			<!-- config params as the following -->
			<!--<!–分页参数合理化 –> -->
			<property name="reasonable" value="true" />
		</plugin>
	</plugins>

	<databaseIdProvider type="DB_VENDOR">
		<property name="MySQL" value="mysql" />
		<property name="Oracle" value="oracle" />
		<property name="SQL Server" value="sqlserver" />
	</databaseIdProvider>


	<!-- <typeHandlers> <typeHandler handler="org.apache.ibatis.type.LocalDateTimeTypeHandler" 
		javaType="" jdbcType=""/> </typeHandlers> -->

</configuration>
