<?xml version="1.0" encoding="UTF-8"?>
<!DOCTYPE configuration SYSTEM "http://mybatis.org/dtd/mybatis-3-config.dtd" >


<configuration>

	<settings>
		<!--显式的指定每个我们需要更改的配置的值，即使他是默认的。防止版本更新带来的问题 -->
		<setting name="mapUnderscoreToCamelCase" value="true" />
		<setting name="jdbcTypeForNull" value="NULL" />
		<setting name="cacheEnabled" value="true" />
		<setting name="lazyLoadingEnabled" value="true" />
		<setting name="aggressiveLazyLoading" value="false" />
		<setting name="logImpl" value="STDOUT_LOGGING"/>
	</settings>

	<databaseIdProvider type="DB_VENDOR">
		<property name="MySQL" value="mysql" />
		<property name="Oracle" value="oracle" />
		<property name="SQL Server" value="sqlserver" />
	</databaseIdProvider>
	

	<!-- <typeHandlers>
		<typeHandler handler="org.apache.ibatis.type.LocalDateTimeTypeHandler" javaType=""
		jdbcType=""/>
		
	</typeHandlers> -->

</configuration>
