<?xml version="1.0" encoding="UTF-8"?>
<beans xmlns="http://www.springframework.org/schema/beans"
	xmlns:xsi="http://www.w3.org/2001/XMLSchema-instance" xmlns:c="http://www.springframework.org/schema/c"
	xmlns:cache="http://www.springframework.org/schema/cache" xmlns:mvc="http://www.springframework.org/schema/mvc"
	xmlns:context="http://www.springframework.org/schema/context"
	xsi:schemaLocation="http://www.springframework.org/schema/cache http://www.springframework.org/schema/cache/spring-cache-4.0.xsd
		http://www.springframework.org/schema/mvc http://www.springframework.org/schema/mvc/spring-mvc-4.0.xsd
		http://www.springframework.org/schema/beans http://www.springframework.org/schema/beans/spring-beans.xsd
		http://www.springframework.org/schema/context http://www.springframework.org/schema/context/spring-context-4.0.xsd">
	<!-- org.springframework.http.converter.json.MappingJacksonHttpMessageConverter -->
	<!-- 避免IE执行AJAX时,返回JSON出现下载文件 -->
	<!-- <bean id="mappingJacksonHttpMessageConverter" class="com.alibaba.fastjson.support.spring.FastJsonHttpMessageConverter"> 
		<property name="supportedMediaTypes"> <list> <value>text/html;charset=UTF-8</value> 
		<value>application/json;charset=UTF-8</value> </list> </property> <property 
		name="objectMapper"> <bean class="org.codehaus.jackson.map.ObjectMapper"> 
		<property name="dateFormat"> <bean class="java.text.SimpleDateFormat"> <constructor-arg 
		type="java.lang.String" value="yyyy-MM-dd HH:mm:ss"></constructor-arg> </bean> 
		</property> </bean> </property> </bean> 启动Spring MVC的注解功能，完成请求和注解POJO的映射 
		<bean class="org.springframework.web.servlet.mvc.annotation.DefaultAnnotationHandlerMapping"> 
		<property name="messageConverters"> <list> <ref bean="mappingJacksonHttpMessageConverter" 
		/>json转换器 </list> </property> </bean> <mvc:annotation-driven content-negotiation-manager="contentNegotiationManager" 
		/> <bean id="contentNegotiationManager" class="org.springframework.web.accept.ContentNegotiationManagerFactoryBean"> 
		true，开启扩展名支持，false关闭支持 <property name="favorPathExtension" value="false" 
		/> 用于开启 /userinfo/123?format=json的支持 <property name="favorParameter" value="true" 
		/> 设置为true以忽略对Accept Header的支持 <property name="ignoreAcceptHeader" value="false" 
		/> <property name="mediaTypes"> <value> atom=application/atom+xml html=text/html 
		json=application/json xml=application/xml *=*/* </value> </property> </bean> 
		<context:annotation-config /> -->

	<mvc:annotation-driven>
		<!-- 不使用默认的消息转换器 -->
		<mvc:message-converters register-defaults="false">
			<!-- 配置Spring的转换器 -->
			<bean class="org.springframework.http.converter.StringHttpMessageConverter" />
			<bean
				class="org.springframework.http.converter.ByteArrayHttpMessageConverter" />
			<bean
				class="org.springframework.http.converter.BufferedImageHttpMessageConverter" />
			<!-- 配置fastjson中实现HttpMessageConverter接口的转换器 -->
			<bean id="fastJsonHttpMessageConverter"
				class="com.alibaba.fastjson.support.spring.FastJsonHttpMessageConverter">
				<!-- 加入支持的媒体类型，返回contentType -->
				<property name="supportedMediaTypes">
					<list>
						<value>text/html;charset=UTF-8</value>
						<value>application/json;charset=UTF-8</value>
					</list>
				</property>
			</bean>
		</mvc:message-converters>

	</mvc:annotation-driven>
	<!-- 启动自动扫描该包下所有的Bean(例如@Controller) -->
	<context:component-scan base-package="cn.csu.controller" />

	<mvc:default-servlet-handler />
	<!-- 定义视图解析器 -->
	<bean id="jspViewResolver"
		class="org.springframework.web.servlet.view.InternalResourceViewResolver">
		<property name="requestContextAttribute" value="rc" />
		<property name="viewClass"
			value="org.springframework.web.servlet.view.JstlView" />
		<property name="prefix" value="/WEB-INF/jsp/" />
		<property name="suffix" value=".jsp" />
		<property name="order" value="1"></property>
	</bean>

</beans>
